group,candidate_count,top_k_count,selection_rate,mean_score,mean_interaction_rate,total_exposure,exposure_share,mean_position_exposure,relevance_aware_ratio
Ahmedabad,229,203,0.8864628820960698,0.5169049,0.4497816593886463,94.79982840674452,0.050796329527451736,0.41397304981111144,0.8008688975274253
Bengaluru,760,651,0.8565789473684211,0.5115158,0.5236842105263158,311.45079072791583,0.1668838146997645,0.40980367201041557,0.8011554580859327
Chennai,403,351,0.8709677419354839,0.528698,0.5384615384615384,166.8318918333657,0.08939307059603194,0.41397491770065925,0.7830082513165532
Delhi,543,474,0.8729281767955801,0.5286473,0.5322283609576427,228.95963031660395,0.12268280465809689,0.4216567777469686,0.797614543553937
Hyderabad,508,469,0.9232283464566929,0.5187867,0.531496062992126,223.67961372227427,0.11985362798822749,0.4403142002406974,0.8487383661757544
Kolkata,261,217,0.8314176245210728,0.5314259,0.5210727969348659,102.78570637415064,0.05507538040355561,0.39381496695076873,0.741053403514653
Mumbai,764,701,0.9175392670157068,0.52328134,0.5366492146596858,332.9574436015623,0.17840766495100124,0.43580817225335383,0.8328372185519011
Other,537,479,0.8919925512104283,0.5189642,0.4934823091247672,226.03989155288394,0.12111832912192129,0.42093089674652506,0.8110981835281527
Pune,429,380,0.8857808857808858,0.5092681,0.5151515151515151,178.7684025056242,0.09578897805394936,0.416709562950173,0.8182518379500253
