intersection,sample_count,statistically_unstable,top_k_count,selection_rate,selection_rate_ci_lower,selection_rate_ci_upper,mean_score,mean_interaction_rate,total_exposure,exposure_share,mean_position_exposure,exposure_DI,exposure_SPD,selection_DI,selection_SPD,relevance_aware_ratio,gender,age_group,location
Female x 18-25 x Ahmedabad,46,False,40,0.8695652173913043,0.7433386576963865,0.9388224286250797,0.5175300240516663,0.41304347826086957,18.174237352353384,0.009738251270870281,0.39509211635550834,0.5562249750748428,-0.31521780150164425,0.8695652173913043,-0.13043478260869568,0.7634187351342254,Female,18-25,Ahmedabad
Female x 18-25 x Bengaluru,140,False,106,0.7571428571428571,0.6798621671434264,0.8206884385228064,0.4865720570087433,0.5,48.78452819388632,0.026140078643872387,0.34846091567061654,0.49057588372389027,-0.36184900218653604,0.7571428571428571,-0.24285714285714288,0.7161548030785397,Female,18-25,Bengaluru
Female x 18-25 x Chennai,64,False,56,0.875,0.7722521366978408,0.9352783460737919,0.5423458218574524,0.578125,26.09313155391243,0.013981410421217456,0.4077051805298817,0.5739821031358224,-0.3026047373272709,0.875,-0.125,0.7517439318211269,Female,18-25,Chennai
Female x 18-25 x Delhi,98,False,83,0.8469387755102041,0.762709561432064,0.9049940096037408,0.5386068224906921,0.5816326530612245,40.27949344019273,0.021582849424665144,0.4110152391856401,0.5786421234629271,-0.2992946786715125,0.8469387755102041,-0.15306122448979587,0.7631081189892336,Female,18-25,Delhi
Female x 18-25 x Hyderabad,87,False,77,0.8850574712643678,0.8011923480274991,0.9363552072775595,0.5271965861320496,0.5517241379310345,35.44291500593916,0.018991278996102725,0.4073898276544731,0.5735381379489644,-0.30292009020267946,0.8850574712643678,-0.11494252873563215,0.7727474691052574,Female,18-25,Hyderabad
Female x 18-25 x Kolkata,53,False,41,0.7735849056603774,0.6447347199775757,0.8654550002273447,0.5007651448249817,0.49056603773584906,19.174237352353384,0.010274078501585373,0.3617780632519506,0.5093242458775668,-0.348531854605202,0.7735849056603774,-0.2264150943396226,0.7224505678772685,Female,18-25,Kolkata
Female x 18-25 x Mumbai,89,False,83,0.9325842696629213,0.860630552017983,0.9687390409231124,0.51984703540802,0.5617977528089888,38.71880417095038,0.020746589615520256,0.4350427434938245,0.6124689132966803,-0.2752671743633281,0.9325842696629213,-0.0674157303370787,0.8368668355535894,Female,18-25,Mumbai
Female x 18-25 x Other,9,True,9,1.0,0.7008472464490407,1.0,0.5263732075691223,0.4444444444444444,5.268929392892205,0.002823235845426776,0.585436599210245,0.8241988243334365,-0.12487331864690754,1.0,0.0,1.1122082028336646,Female,18-25,Other
Female x 18-25 x Pune,43,False,43,1.0,0.9179874299767729,1.0,0.5504241585731506,0.5348837209302325,20.63204734771039,0.011055212794306296,0.47981505459791607,0.6755009926447482,-0.23049486325923652,1.0,0.0,0.8717187411281645,Female,18-25,Pune
Female x 26-35 x Ahmedabad,70,False,64,0.9142857142857143,0.825341230221722,0.9601238734596715,0.5063397288322449,0.4714285714285714,29.98789268188171,0.01606832949071402,0.42839846688402444,0.603114860308311,-0.28191145097312814,0.9142857142857143,-0.08571428571428574,0.8460692347251244,Female,26-35,Ahmedabad
Female x 26-35 x Bengaluru,94,False,73,0.776595744680851,0.6824893271662207,0.8489819488554307,0.5149437785148621,0.5212765957446809,34.23042202430607,0.018341592239492784,0.36415342579049015,0.5126683671953508,-0.34615649206666244,0.776595744680851,-0.22340425531914898,0.7071712310822299,Female,26-35,Bengaluru
Female x 26-35 x Chennai,41,False,35,0.8536585365853658,0.7155624473141073,0.9311584547054459,0.5492376089096069,0.5121951219512195,16.646279493934564,0.008919529842944364,0.40600681692523327,0.571591085409684,-0.3043031009319193,0.8536585365853658,-0.14634146341463417,0.7392188924048235,Female,26-35,Chennai
Female x 26-35 x Delhi,80,False,65,0.8125,0.7134147429619243,0.8829479218727162,0.5073811411857605,0.4625,30.321226015215046,0.01624693856761905,0.3790153251901881,0.5335914868450566,-0.3312945926669645,0.8125,-0.1875,0.7470031785265436,Female,26-35,Delhi
Female x 26-35 x Hyderabad,57,False,54,0.9473684210526315,0.8563022233952869,0.9819400319037189,0.49593764543533325,0.5614035087719298,25.432368174447273,0.013627355409440697,0.4461818977973206,0.628151017718227,-0.264128020059832,0.9473684210526315,-0.052631578947368474,0.8996733801195166,Female,26-35,Hyderabad
Female x 26-35 x Kolkata,10,True,10,1.0,0.7224598312333834,1.0,0.5289238691329956,0.4,4.543559338088346,0.0024345628177175702,0.4543559338088346,0.6396587213360693,-0.255953984048318,1.0,0.0,0.8590195306436224,Female,26-35,Kolkata
Female x 26-35 x Mumbai,129,False,116,0.8992248062015504,0.835202307119764,0.940157218811872,0.5071335434913635,0.5271317829457365,56.130005460116344,0.03007598538571708,0.4351163213962507,0.6125724989296223,-0.27519359646090186,0.8992248062015504,-0.10077519379844957,0.8579916019766513,Female,26-35,Mumbai
Female x 26-35 x Other,112,False,101,0.9017857142857143,0.8326521529910131,0.9442708176861876,0.5090793371200562,0.4732142857142857,47.2446051661214,0.025314945952390713,0.4218268318403697,0.5938630747447926,-0.2884830860167829,0.9017857142857143,-0.0982142857142857,0.8286072544737566,Female,26-35,Other
Female x 26-35 x Pune,59,False,50,0.847457627118644,0.7348177673118977,0.9176162891093264,0.5246742367744446,0.4915254237288136,22.717796690441727,0.01217281408858785,0.3850474015329106,0.5420836621492111,-0.32526251632424197,0.847457627118644,-0.15254237288135597,0.7338789948980113,Female,26-35,Pune
Female x 36-45 x Ahmedabad,17,True,15,0.8823529411764706,0.6566315750229009,0.967120919987079,0.48637765645980835,0.47058823529411764,7.492018456967738,0.0040144275022633725,0.4407069680569258,0.6204432135573172,-0.2696029498002268,0.8823529411764706,-0.11764705882352944,0.9061003567982433,Female,36-45,Ahmedabad
Female x 36-45 x Bengaluru,84,False,74,0.8809523809523809,0.7945489613310683,0.9340352174634889,0.507574200630188,0.4523809523809524,34.57819023876116,0.018527935918774982,0.4116451218900138,0.5795288951220838,-0.2986647959671388,0.8809523809523809,-0.11904761904761907,0.8110048173822237,Female,36-45,Bengaluru
Female x 36-45 x Chennai,17,True,15,0.8823529411764706,0.6566315750229009,0.967120919987079,0.5226044654846191,0.5882352941176471,7.492018456967738,0.0040144275022633725,0.4407069680569258,0.6204432135573172,-0.2696029498002268,0.8823529411764706,-0.11764705882352944,0.8432897098348584,Female,36-45,Chennai
Female x 36-45 x Delhi,41,False,38,0.926829268292683,0.8057225998278872,0.9748026267474359,0.5758072733879089,0.6585365853658537,18.978243740364245,0.010169059787235384,0.4628839936674206,0.6516648325337184,-0.24742592418973197,0.926829268292683,-0.07317073170731703,0.8038870209886801,Female,36-45,Delhi
Female x 36-45 x Hyderabad,21,True,21,1.0,0.8453561767357979,0.9999999999999999,0.4883793294429779,0.6190476190476191,10.840953269970598,0.005808877968960056,0.5162358699985999,0.7267755342005768,-0.19407404785855265,1.0,0.0,1.0570387378749093,Female,36-45,Hyderabad
Female x 36-45 x Kolkata,21,True,16,0.7619047619047619,0.5490841802765406,0.8937214361088773,0.5367609262466431,0.6190476190476191,7.84822564407576,0.004205293012892276,0.3737250306702743,0.5261436188272857,-0.3365848871868783,0.7619047619047619,-0.23809523809523814,0.6962597543818729,Female,36-45,Kolkata
Female x 36-45 x Mumbai,91,False,82,0.9010989010989011,0.8226124740847462,0.9470919594127909,0.5503368973731995,0.6043956043956044,38.48491653607653,0.0206212662518273,0.4229111707261157,0.5953896462574321,-0.28739874713103686,0.9010989010989011,-0.09890109890109888,0.7684586891133475,Female,36-45,Mumbai
Female x 36-45 x Other,43,False,37,0.8604651162790697,0.7273612340557432,0.9344436573228605,0.47708141803741455,0.3953488372093023,18.622036553256223,0.00997819427660648,0.4330706175175866,0.6096924829996243,-0.277239300339566,0.8604651162790697,-0.13953488372093026,0.9077499167733746,Female,36-45,Other
Female x 36-45 x Pune,47,False,43,0.9148936170212766,0.8006819480497736,0.9664064205302869,0.4623807966709137,0.46808510638297873,20.617612466588643,0.01104747819192913,0.43867260567209876,0.6175791645926565,-0.2716373121850538,0.9148936170212766,-0.08510638297872342,0.94872583124232,Female,36-45,Pune
Female x 46-55 x Bengaluru,19,True,19,1.0,0.8318156346315496,1.0,0.5797518491744995,0.631578947368421,10.053624768612588,0.005387005918414331,0.529138145716452,0.7449398247355807,-0.18117177214070057,1.0,0.0,0.9126976420513093,Female,46-55,Bengaluru
Female x 46-55 x Chennai,14,True,10,0.7142857142857143,0.4535045882751561,0.882788120898909,0.5753026008605957,0.5714285714285714,4.543559338088346,0.0024345628177175702,0.32453995272059616,0.4568990866686209,-0.3857699651365564,0.7142857142857143,-0.2857142857142857,0.5641204337249937,Female,46-55,Chennai
Female x 46-55 x Delhi,27,True,20,0.7407407407407407,0.553210695973843,0.8682979157713322,0.4846939742565155,0.4074074074074074,9.087118676176692,0.0048691256354351405,0.3365599509695071,0.47382127506375493,-0.3737499668876455,0.7407407407407407,-0.2592592592592593,0.6943761813539461,Female,46-55,Delhi
Female x 46-55 x Hyderabad,47,False,44,0.9361702127659575,0.828371220656221,0.9780550129792271,0.5128854513168335,0.6382978723404256,20.93307734337437,0.011216512863245104,0.4453846243271143,0.6270285872830564,-0.2649252935300383,0.9361702127659575,-0.06382978723404253,0.868390053146544,Female,46-55,Hyderabad
Female x 46-55 x Kolkata,21,True,10,0.47619047619047616,0.28343712296762946,0.6763078209973324,0.5444220304489136,0.3333333333333333,4.543559338088346,0.0024345628177175702,0.21635996848039743,0.3045993911124139,-0.4939499493767552,0.47619047619047616,-0.5238095238095238,0.397412221364359,Female,46-55,Kolkata
Female x 46-55 x Mumbai,39,False,34,0.8717948717948718,0.7329395096236953,0.9439726505197168,0.5409402847290039,0.6666666666666666,16.29007230682654,0.00872866433231546,0.41769416171350104,0.5880449522281649,-0.29261575614365154,0.8717948717948718,-0.1282051282051282,0.7721631638559776,Female,46-55,Mumbai
Female x 46-55 x Other,23,True,23,1.0,0.8568788745827374,1.0,0.5093490481376648,0.5652173913043478,11.486225283396507,0.006154632284972012,0.499401099278109,0.7030749349307853,-0.2109088185790436,1.0,0.0,0.9804692893882329,Female,46-55,Other
Female x 46-55 x Pune,39,False,30,0.7692307692307693,0.6166343954261704,0.8735433757121625,0.4915248155593872,0.5128205128205128,13.630678014265037,0.007303688453152711,0.3495045644683343,0.49204517025851474,-0.3608053533888183,0.7692307692307693,-0.23076923076923073,0.7110618902741977,Female,46-55,Pune
Female x 56+ x Bengaluru,28,True,25,0.8928571428571429,0.7280377463234293,0.9628823079452005,0.5661320686340332,0.5,12.102720155846217,0.006484967025226793,0.43224000556593634,0.6085231174441552,-0.27806991229121625,0.8928571428571429,-0.1071428571428571,0.7634967695945004,Female,56+,Bengaluru
Female x 56+ x Chennai,30,False,20,0.6666666666666666,0.48779725813830266,0.807697044731538,0.49672362208366394,0.6,9.087118676176692,0.0048691256354351405,0.3029039558725564,0.42643914755737955,-0.40740596198459617,0.6666666666666666,-0.33333333333333337,0.6098038071995252,Female,56+,Chennai
Female x 56+ x Delhi,4,True,4,1.0,0.5100999795960008,1.0,0.5818381905555725,0.75,2.5616063116448506,0.0013725784161509587,0.6404015779112127,0.9015805098754106,-0.06990833994593992,1.0,0.0,1.1006523605810759,Female,56+,Delhi
Female x 56+ x Hyderabad,12,True,10,0.8333333333333334,0.5519636426153274,0.9530358523851776,0.5632409453392029,0.4166666666666667,4.543559338088346,0.0024345628177175702,0.3786299448406955,0.5330489344467244,-0.3316799730164571,0.8333333333333334,-0.16666666666666663,0.6722344104665041,Female,56+,Hyderabad
Female x 56+ x Mumbai,6,True,6,1.0,0.6096569663469354,0.9999999999999999,0.6418771147727966,0.5,3.304666305987414,0.0017707301951747057,0.5507777176645691,0.7754047970020512,-0.15953220019258352,1.0,0.0,0.8580734613969315,Female,56+,Mumbai
Female x 56+ x Other,15,True,10,0.6666666666666666,0.41713125151212976,0.8482389930530876,0.5197694301605225,0.5333333333333333,4.543559338088346,0.0024345628177175702,0.3029039558725564,0.42643914755737955,-0.40740596198459617,0.6666666666666666,-0.33333333333333337,0.5827660079566614,Female,56+,Other
Female x 56+ x Pune,31,False,28,0.9032258064516129,0.7509971000182296,0.9665359639053559,0.5192750096321106,0.4838709677419355,13.052548361629261,0.006993910842386606,0.421049947149331,0.592769348370561,-0.28925997070782156,0.9032258064516129,-0.09677419354838712,0.8108419225635972,Female,56+,Pune
Male x 18-25 x Ahmedabad,46,False,39,0.8478260869565217,0.7177558259368491,0.9242781376598252,0.48653551936149597,0.43478260869565216,17.885172526035493,0.009583362465487227,0.3888080983920759,0.5473781072422917,-0.32150181946507667,0.8478260869565217,-0.15217391304347827,0.799136101928031,Male,18-25,Ahmedabad
Male x 18-25 x Bengaluru,116,False,110,0.9482758620689655,0.8917305061462193,0.9760816725963877,0.5304796099662781,0.5775862068965517,54.20322962511689,0.029043566425840564,0.46726922090618006,0.6578385140894943,-0.24304069695097252,0.9482758620689655,-0.051724137931034475,0.8808429431168594,Male,18-25,Bengaluru
Male x 18-25 x Chennai,50,False,49,0.98,0.8950431352816304,0.9964608319110235,0.5178931355476379,0.44,23.98098216071325,0.01284966326100298,0.479619643214265,0.6752258854292378,-0.2306902746428876,0.98,-0.020000000000000018,0.9260977029693563,Male,18-25,Chennai
Male x 18-25 x Delhi,135,False,116,0.8592592592592593,0.7906257331521718,0.9080121390705627,0.5236121416091919,0.5333333333333333,55.961993677893,0.029985960097720837,0.4145332865029111,0.5835949577523373,-0.2957766313542415,0.8592592592592593,-0.14074074074074072,0.7916800501014853,Male,18-25,Delhi
Male x 18-25 x Hyderabad,76,False,68,0.8947368421052632,0.805798558740362,0.9456893873929819,0.5080926418304443,0.5263157894736842,32.679590312112566,0.017510614377842994,0.4299946093699022,0.6053619674452815,-0.2803153084872504,0.8947368421052632,-0.10526315789473684,0.8462917467586467,Male,18-25,Hyderabad
Male x 18-25 x Kolkata,21,True,21,1.0,0.8453561767357979,0.9999999999999999,0.5132355093955994,0.42857142857142855,10.89613046141464,0.005838443410650153,0.518863355305459,0.7304746030729159,-0.19144656255169357,1.0,0.0,1.0109654258266096,Male,18-25,Kolkata
Male x 18-25 x Mumbai,133,False,127,0.9548872180451128,0.9050709587689915,0.9791630753259036,0.510480523109436,0.5037593984962406,59.719023875114885,0.03199907918401121,0.44901521710612696,0.632139867145184,-0.2612947007510256,0.9548872180451128,-0.045112781954887216,0.8795932396618935,Male,18-25,Mumbai
Male x 18-25 x Other,144,False,136,0.9444444444444444,0.8942077629122577,0.9715837328507752,0.5090452432632446,0.4930555555555556,62.441606258619196,0.03345791296295802,0.4336222656848555,0.6104691132470706,-0.27668765217229707,0.9444444444444444,-0.05555555555555558,0.8518344320538414,Male,18-25,Other
Male x 18-25 x Pune,62,False,49,0.7903225806451613,0.6736054886034556,0.8731612971368666,0.46491026878356934,0.4838709677419355,22.42873186412384,0.012017925283204799,0.3617537397439329,0.5092900023630018,-0.3485561781132197,0.7903225806451613,-0.20967741935483875,0.7781151848731069,Male,18-25,Pune
Male x 26-35 x Ahmedabad,9,True,9,1.0,0.7008472464490407,1.0,0.5602535009384155,0.4444444444444444,4.254494511770457,0.0022796740123345173,0.47272161241893973,0.6655145881181498,-0.23758830543821285,1.0,0.0,0.8437637812653356,Male,26-35,Ahmedabad
Male x 26-35 x Bengaluru,125,False,115,0.92,0.8589867330060554,0.955967443284832,0.5071428418159485,0.496,55.873963344433335,0.02993879104792422,0.4469917067554667,0.6292910960668288,-0.2633182111016859,0.92,-0.07999999999999996,0.8813921244651782,Male,26-35,Bengaluru
Male x 26-35 x Chennai,86,False,72,0.8372093023255814,0.745101070539971,0.9004795958773677,0.5257108211517334,0.5581395348837209,33.9293920286421,0.018180292170553978,0.39452781428653605,0.5554305302067848,-0.31578210357061653,0.8372093023255814,-0.16279069767441856,0.7504654620237794,Male,26-35,Chennai
Male x 26-35 x Delhi,80,False,72,0.9,0.8148912101660255,0.9484530008223144,0.5283556580543518,0.5875,33.98809541677929,0.018211747044453122,0.4248511927097411,0.5981208793922277,-0.2854587251474115,0.9,-0.09999999999999998,0.8041007723362674,Male,26-35,Delhi
Male x 26-35 x Hyderabad,112,False,106,0.9464285714285714,0.8880283464156127,0.9752193987812767,0.5325816869735718,0.48214285714285715,50.304475152806376,0.026954507613704343,0.44914709957862836,0.6323255360612245,-0.2611628182785242,0.9464285714285714,-0.0535714285714286,0.8433393610113303,Male,26-35,Hyderabad
Male x 26-35 x Kolkata,55,False,49,0.8909090909090909,0.7817420620476804,0.9490334437169486,0.5464707612991333,0.5272727272727272,22.42873186412384,0.012017925283204799,0.40779512480225166,0.5741087299364749,-0.3025147930549009,0.8909090909090909,-0.10909090909090913,0.7462341147636044,Male,26-35,Kolkata
Male x 26-35 x Mumbai,104,False,100,0.9615384615384616,0.9052510772234701,0.9849434302764186,0.5172853469848633,0.5576923076923077,48.364076430918,0.02591478914007179,0.46503919645113456,0.6546990049837044,-0.24527072140601802,0.9615384615384616,-0.038461538461538436,0.8989993611103437,Male,26-35,Mumbai
Male x 26-35 x Other,78,False,67,0.8589743589743589,0.7648582105386765,0.9193903867516988,0.5504859089851379,0.44871794871794873,32.16556065424427,0.017235183289761997,0.41237898274672136,0.5805620509858249,-0.2979309351104312,0.8589743589743589,-0.14102564102564108,0.749118144562452,Male,26-35,Other
Male x 26-35 x Pune,99,False,89,0.898989898989899,0.8239677083435178,0.9442039264813001,0.5229382514953613,0.5252525252525253,42.096516124929444,0.022556459657974117,0.4252173345952469,0.5986363471849488,-0.2850925832619057,0.898989898989899,-0.101010101010101,0.8131310596983911,Male,26-35,Pune
Male x 36-45 x Ahmedabad,9,True,9,1.0,0.7008472464490407,1.0,0.47529470920562744,0.3333333333333333,4.254494511770457,0.0022796740123345173,0.47272161241893973,0.6655145881181498,-0.23758830543821285,1.0,0.0,0.9945863130035927,Male,36-45,Ahmedabad
Male x 36-45 x Bengaluru,78,False,69,0.8846153846153846,0.7950279031382532,0.9380955939585778,0.5024869441986084,0.5128205128205128,31.51585054030053,0.01688705091863994,0.40404936590128887,0.5688353150413782,-0.3062605519558637,0.8846153846153846,-0.11538461538461542,0.8040992319625084,Male,36-45,Bengaluru
Male x 36-45 x Chennai,58,False,53,0.9137931034482759,0.8135613862273433,0.9626151680662066,0.538082480430603,0.4827586206896552,25.07616098733925,0.013436489898811793,0.43234760322998705,0.6086745973282814,-0.27796231462716553,0.9137931034482759,-0.08620689655172409,0.803496896765713,Male,36-45,Chennai
Male x 36-45 x Delhi,56,False,54,0.9642857142857143,0.8788099414778991,0.9901507814974224,0.5292881727218628,0.375,25.444333343793367,0.013633766672996452,0.45436309542488157,0.6396688037182336,-0.255946822432271,0.9642857142857143,-0.0357142857142857,0.8584418070185108,Male,36-45,Delhi
Male x 36-45 x Hyderabad,55,False,52,0.9454545454545454,0.8514670569551007,0.9812771240324999,0.5182865858078003,0.5272727272727272,24.799061330367458,0.013288012356984496,0.4508920241884992,0.6347821040550023,-0.25941789366865337,0.9454545454545454,-0.054545454545454564,0.8699666102408187,Male,36-45,Hyderabad
Male x 36-45 x Kolkata,44,False,34,0.7727272727272727,0.6300735713298432,0.8715818916981491,0.5504636168479919,0.5681818181818182,16.345249498270583,0.008758229774005557,0.37148294314251323,0.522987126891308,-0.33882697471463935,0.7727272727272727,-0.2272727272727273,0.6748546711763814,Male,36-45,Kolkata
Male x 36-45 x Mumbai,110,False,95,0.8636363636363636,0.787141630195824,0.9155891817393563,0.5188002586364746,0.45454545454545453,45.26265213967791,0.024252961550824105,0.4114786558152537,0.5792945381596156,-0.29883126204189886,0.8636363636363636,-0.13636363636363635,0.7931350244441154,Male,36-45,Mumbai
Male x 36-45 x Other,59,False,49,0.8305084745762712,0.7153653834518579,0.9052426214366236,0.5731434226036072,0.576271186440678,22.42873186412384,0.012017925283204799,0.38014799769701424,0.5351861041780698,-0.33016192016013834,0.8305084745762712,-0.1694915254237288,0.6632685340261317,Male,36-45,Other
Male x 36-45 x Pune,16,True,15,0.9375,0.7167073163197013,0.9888809426916687,0.4880778193473816,0.4375,7.492018456967738,0.0040144275022633725,0.46825115356048364,0.6592209144046496,-0.24205876429666895,0.9375,-0.0625,0.9593780643148083,Male,36-45,Pune
Male x 46-55 x Ahmedabad,17,True,17,1.0,0.8156763396284354,1.0,0.6330846548080444,0.5294117647058824,8.207959027876933,0.004398047955730228,0.48282111928687843,0.6797330392674829,-0.22748879857027415,1.0,0.0,0.7626485899161038,Male,46-55,Ahmedabad
Male x 46-55 x Bengaluru,59,False,43,0.7288135593220338,0.6040199456171089,0.8256317500749166,0.5204349160194397,0.6101694915254238,20.573343959573197,0.011023757920407152,0.3487007450775118,0.4909135242394821,-0.3616091727796408,0.7288135593220338,-0.27118644067796616,0.6700179683264889,Male,46-55,Bengaluru
Male x 46-55 x Chennai,24,True,24,1.0,0.8620194241710247,1.0,0.5217196941375732,0.5,11.801690160182236,0.006323666956287987,0.4917370900075932,0.6922852654107026,-0.2185728278495594,1.0,0.0,0.9425312012046188,Male,46-55,Chennai
Male x 46-55 x Delhi,19,True,19,1.0,0.8318156346315496,1.0,0.5627584457397461,0.6842105263157895,10.206589940973283,0.005468968823116218,0.5371889442617517,0.7562740301899931,-0.1731209735954009,1.0,0.0,0.9545639844740432,Male,46-55,Delhi
Male x 46-55 x Hyderabad,5,True,5,1.0,0.5655085052479191,1.0,0.5554102063179016,0.8,2.9484591188793923,0.001579864684545802,0.5896918237758785,0.8301894834227401,-0.12061809408127411,1.0,0.0,1.0617230599438336,Male,46-55,Hyderabad
Male x 46-55 x Kolkata,19,True,19,1.0,0.8318156346315496,1.0,0.569462239742279,0.5789473684210527,8.798053849858803,0.004714236830052088,0.46305546578204226,0.6519062371802127,-0.24725445207511032,1.0,0.0,0.8131451630429558,Male,46-55,Kolkata
Male x 46-55 x Mumbai,30,False,29,0.9666666666666667,0.8332924860304112,0.9940915620051425,0.5539596676826477,0.5,13.341613187947148,0.007148799647769657,0.44472043959823826,0.6260935239928244,-0.2655894782589143,0.9666666666666667,-0.033333333333333326,0.8028029214809365,Male,46-55,Mumbai
Male x 46-55 x Other,19,True,18,0.9473684210526315,0.7536078466345479,0.99064824750947,0.4474756419658661,0.631578947368421,8.497023854194822,0.0045529367611132805,0.4472117817997275,0.6296009256760291,-0.2630981360574251,0.9473684210526315,-0.052631578947368474,0.9994103362476237,Male,46-55,Other
Male x 46-55 x Pune,26,True,26,1.0,0.8712669561953784,1.0,0.5489321947097778,0.7307692307692307,12.462453539647392,0.006677721968064746,0.47932513614028427,0.6748112677157907,-0.23098478171686831,1.0,0.0,0.8731955253484539,Male,46-55,Pune
Male x 56+ x Ahmedabad,15,True,10,0.6666666666666666,0.41713125151212976,0.8482389930530876,0.5593087673187256,0.4666666666666667,4.543559338088346,0.0024345628177175702,0.3029039558725564,0.42643914755737955,-0.40740596198459617,0.6666666666666666,-0.33333333333333337,0.54156840294968,Male,56+,Ahmedabad
Male x 56+ x Bengaluru,17,True,17,1.0,0.8156763396284354,1.0,0.4644629955291748,0.5882352941176471,9.534917877079533,0.0051090686411713404,0.560877522181149,0.7896236671919097,-0.14943239567600364,1.0,0.0,1.207582794711399,Male,56+,Bengaluru
Male x 56+ x Chennai,19,True,17,0.8947368421052632,0.686054495051583,0.9706420586049034,0.4821252226829529,0.6842105263157895,8.181558977409093,0.004383902089797306,0.43060836723205753,0.6062260379681976,-0.27970155062509505,0.8947368421052632,-0.10526315789473684,0.8931463175392236,Male,56+,Chennai
Male x 56+ x Delhi,3,True,3,1.0,0.43849391955098227,1.0,0.4569014608860016,0.3333333333333333,2.1309297535714578,0.0011418101887045854,0.7103099178571526,1.0,0.0,1.0,0.0,1.554623871151021,Male,56+,Delhi
Male x 56+ x Hyderabad,36,False,32,0.8888888888888888,0.7468487098496367,0.9559343109125816,0.5206012725830078,0.4166666666666667,15.755154676288713,0.008442040899683697,0.4376431854524643,0.6161299095650201,-0.2726667324046883,0.8888888888888888,-0.11111111111111116,0.8406494730238752,Male,56+,Hyderabad
Male x 56+ x Kolkata,17,True,17,1.0,0.8156763396284354,1.0,0.4878535568714142,0.7058823529411765,8.207959027876933,0.004398047955730228,0.48282111928687843,0.6797330392674829,-0.22748879857027415,1.0,0.0,0.9896845323485831,Male,56+,Kolkata
Male x 56+ x Mumbai,33,False,29,0.8787878787878788,0.7267415674973484,0.9518391673241576,0.5361618399620056,0.5454545454545454,13.341613187947148,0.007148799647769657,0.40429130872567115,0.5691759309025676,-0.30601860913148143,0.8787878787878788,-0.12121212121212122,0.7540471525431961,Male,56+,Mumbai
Male x 56+ x Other,35,False,29,0.8285714285714286,0.6731739236041119,0.9189747005514328,0.5241578817367554,0.5142857142857142,13.341613187947148,0.007148799647769657,0.3811889482270614,0.5366515919938495,-0.3291209696300912,0.8285714285714286,-0.17142857142857137,0.727240706490995,Male,56+,Other
Male x 56+ x Pune,7,True,7,1.0,0.6456611570247934,1.0,0.5966140031814575,0.5714285714285714,3.6379996393207477,0.0019493392720797361,0.5197142341886782,0.7316725011478662,-0.19059568366847435,1.0,0.0,0.8711063290792547,Male,56+,Pune
