user_id,items_entered_top_k,items_left_top_k,top_k_overlap,top_k_jaccard,top_k_changed,changed_positions,max_rank_change,ordering_changed,kendall_tau,spearman_rho
U0002,2,2,0.8,0.6666666666666666,True,8,7,True,0.19999999999999996,0.19999999999999996
U0006,0,0,1.0,1.0,False,6,5,True,0.4,0.4
U0034,1,1,0.9,0.8181818181818182,True,10,7,True,0.0,0.0
U0035,0,0,1.0,1.0,False,9,7,True,0.09999999999999998,0.09999999999999998
U0037,0,0,1.0,1.0,False,0,0,False,1.0,1.0
U0044,0,0,1.0,1.0,False,2,1,True,0.8,0.8
U0050,0,0,1.0,1.0,False,8,8,True,0.19999999999999996,0.19999999999999996
U0058,0,0,1.0,1.0,False,8,5,True,0.19999999999999996,0.19999999999999996
U0067,0,0,1.0,1.0,False,8,6,True,0.19999999999999996,0.19999999999999996
U0072,0,0,1.0,1.0,False,7,6,True,0.30000000000000004,0.30000000000000004
U0075,0,0,1.0,1.0,False,0,0,False,1.0,1.0
U0080,0,0,1.0,1.0,False,7,5,True,0.30000000000000004,0.30000000000000004
U0089,0,0,1.0,1.0,False,6,3,True,0.4,0.4
U0097,0,0,1.0,1.0,False,5,3,True,0.5,0.5
U0098,2,2,0.8,0.6666666666666666,True,14,10,True,0.0,0.0
U0111,0,0,1.0,1.0,False,8,7,True,0.19999999999999996,0.19999999999999996
U0123,0,0,1.0,1.0,False,6,6,True,0.4,0.4
U0128,0,0,1.0,1.0,False,9,8,True,0.09999999999999998,0.09999999999999998
U0131,0,0,1.0,1.0,False,6,3,True,0.4,0.4
U0133,1,1,0.9,0.8181818181818182,True,11,6,True,0.0,0.0
U0137,2,2,0.8,0.6666666666666666,True,14,9,True,0.0,0.0
U0140,0,0,1.0,1.0,False,8,8,True,0.19999999999999996,0.19999999999999996
U0162,1,1,0.9,0.8181818181818182,True,12,8,True,0.0,0.0
U0163,1,1,0.9,0.8181818181818182,True,10,6,True,0.0,0.0
U0164,0,0,1.0,1.0,False,10,5,True,0.0,0.0
U0168,0,0,1.0,1.0,False,8,5,True,0.19999999999999996,0.19999999999999996
U0171,1,1,0.9,0.8181818181818182,True,11,9,True,0.0,0.0
U0175,3,3,0.7,0.5384615384615384,True,13,6,True,0.0,0.0
U0182,0,0,1.0,1.0,False,8,4,True,0.19999999999999996,0.19999999999999996
U0185,0,0,1.0,1.0,False,8,7,True,0.19999999999999996,0.19999999999999996
U0187,0,0,1.0,1.0,False,5,4,True,0.5,0.5
U0188,0,0,1.0,1.0,False,6,3,True,0.4,0.4
U0194,1,1,0.9,0.8181818181818182,True,14,10,True,0.0,0.0
U0201,0,0,1.0,1.0,False,6,5,True,0.4,0.4
U0202,2,2,0.8,0.6666666666666666,True,12,7,True,0.0,0.0
U0204,0,0,1.0,1.0,False,7,4,True,0.30000000000000004,0.30000000000000004
U0208,1,1,0.9,0.8181818181818182,True,9,7,True,0.09999999999999998,0.09999999999999998
U0209,0,0,1.0,1.0,False,10,6,True,0.0,0.0
U0221,0,0,1.0,1.0,False,4,3,True,0.6,0.6
U0224,0,0,1.0,1.0,False,5,3,True,0.5,0.5
U0229,1,1,0.9,0.8181818181818182,True,9,9,True,0.09999999999999998,0.09999999999999998
U0233,0,0,1.0,1.0,False,9,4,True,0.09999999999999998,0.09999999999999998
U0237,0,0,1.0,1.0,False,7,4,True,0.30000000000000004,0.30000000000000004
U0242,1,1,0.9,0.8181818181818182,True,10,5,True,0.0,0.0
U0247,0,0,1.0,1.0,False,8,4,True,0.19999999999999996,0.19999999999999996
U0251,1,1,0.9,0.8181818181818182,True,10,7,True,0.0,0.0
U0254,0,0,1.0,1.0,False,9,8,True,0.09999999999999998,0.09999999999999998
U0269,1,1,0.9,0.8181818181818182,True,11,6,True,0.0,0.0
U0277,0,0,1.0,1.0,False,6,5,True,0.4,0.4
U0278,0,0,1.0,1.0,False,7,7,True,0.30000000000000004,0.30000000000000004
U0282,0,0,1.0,1.0,False,7,5,True,0.30000000000000004,0.30000000000000004
U0284,0,0,1.0,1.0,False,10,8,True,0.0,0.0
U0294,1,1,0.9,0.8181818181818182,True,11,8,True,0.0,0.0
U0296,2,2,0.8,0.6666666666666666,True,20,16,True,0.0,0.0
U0298,0,0,1.0,1.0,False,8,4,True,0.19999999999999996,0.19999999999999996
U0309,2,2,0.8,0.6666666666666666,True,14,8,True,0.0,0.0
U0311,1,1,0.9,0.8181818181818182,True,10,8,True,0.0,0.0
U0312,0,0,1.0,1.0,False,10,4,True,0.0,0.0
U0320,0,0,1.0,1.0,False,8,4,True,0.19999999999999996,0.19999999999999996
U0331,2,2,0.8,0.6666666666666666,True,12,8,True,0.0,0.0
U0335,1,1,0.9,0.8181818181818182,True,11,9,True,0.0,0.0
U0339,0,0,1.0,1.0,False,8,6,True,0.19999999999999996,0.19999999999999996
U0343,0,0,1.0,1.0,False,9,4,True,0.09999999999999998,0.09999999999999998
U0345,1,1,0.9,0.8181818181818182,True,8,7,True,0.19999999999999996,0.19999999999999996
U0350,0,0,1.0,1.0,False,7,4,True,0.30000000000000004,0.30000000000000004
U0363,0,0,1.0,1.0,False,7,5,True,0.30000000000000004,0.30000000000000004
U0364,0,0,1.0,1.0,False,7,6,True,0.30000000000000004,0.30000000000000004
U0370,0,0,1.0,1.0,False,6,3,True,0.4,0.4
U0395,0,0,1.0,1.0,False,6,4,True,0.4,0.4
U0397,0,0,1.0,1.0,False,6,4,True,0.4,0.4
U0398,0,0,1.0,1.0,False,9,8,True,0.09999999999999998,0.09999999999999998
U0424,0,0,1.0,1.0,False,6,4,True,0.4,0.4
U0425,0,0,1.0,1.0,False,5,4,True,0.5,0.5
U0435,0,0,1.0,1.0,False,7,3,True,0.30000000000000004,0.30000000000000004
U0438,1,1,0.9,0.8181818181818182,True,10,6,True,0.0,0.0
U0446,2,2,0.8,0.6666666666666666,True,11,6,True,0.0,0.0
U0449,0,0,1.0,1.0,False,7,5,True,0.30000000000000004,0.30000000000000004
U0454,1,1,0.9,0.8181818181818182,True,9,9,True,0.09999999999999998,0.09999999999999998
U0462,0,0,1.0,1.0,False,10,7,True,0.0,0.0
U0465,2,2,0.8,0.6666666666666666,True,12,8,True,0.0,0.0
U0468,0,0,1.0,1.0,False,9,7,True,0.09999999999999998,0.09999999999999998
U0471,0,0,1.0,1.0,False,6,4,True,0.4,0.4
U0478,1,1,0.9,0.8181818181818182,True,11,6,True,0.0,0.0
U0479,0,0,1.0,1.0,False,4,2,True,0.6,0.6
U0489,2,2,0.8,0.6666666666666666,True,12,7,True,0.0,0.0
U0492,0,0,1.0,1.0,False,11,7,True,0.0,0.0
U0493,0,0,1.0,1.0,False,4,2,True,0.6,0.6
U0500,0,0,1.0,1.0,False,10,6,True,0.0,0.0
U0552,0,0,1.0,1.0,False,5,3,True,0.5,0.5
U0553,2,2,0.8,0.6666666666666666,True,13,8,True,0.0,0.0
U0561,1,1,0.9,0.8181818181818182,True,13,8,True,0.0,0.0
U0562,0,0,1.0,1.0,False,6,3,True,0.4,0.4
U0564,0,0,1.0,1.0,False,9,7,True,0.09999999999999998,0.09999999999999998
U0587,0,0,1.0,1.0,False,10,4,True,0.0,0.0
U0591,1,1,0.9,0.8181818181818182,True,11,5,True,0.0,0.0
U0595,0,0,1.0,1.0,False,7,6,True,0.30000000000000004,0.30000000000000004
U0604,0,0,1.0,1.0,False,4,2,True,0.6,0.6
U0605,2,2,0.8,0.6666666666666666,True,14,11,True,0.0,0.0
U0613,0,0,1.0,1.0,False,8,6,True,0.19999999999999996,0.19999999999999996
U0620,5,5,0.5,0.3333333333333333,True,22,16,True,0.0,0.0
U0621,0,0,1.0,1.0,False,5,3,True,0.5,0.5
U0637,2,2,0.8,0.6666666666666666,True,11,10,True,0.0,0.0
U0638,0,0,1.0,1.0,False,6,6,True,0.4,0.4
U0642,3,3,0.7,0.5384615384615384,True,15,9,True,0.0,0.0
U0646,0,0,1.0,1.0,False,9,5,True,0.09999999999999998,0.09999999999999998
U0658,0,0,1.0,1.0,False,9,7,True,0.09999999999999998,0.09999999999999998
U0660,0,0,1.0,1.0,False,7,3,True,0.30000000000000004,0.30000000000000004
U0664,0,0,1.0,1.0,False,10,6,True,0.0,0.0
U0669,0,0,1.0,1.0,False,6,5,True,0.4,0.4
U0682,0,0,1.0,1.0,False,10,6,True,0.0,0.0
U0701,0,0,1.0,1.0,False,5,4,True,0.5,0.5
U0713,0,0,1.0,1.0,False,8,4,True,0.19999999999999996,0.19999999999999996
U0763,0,0,1.0,1.0,False,10,6,True,0.0,0.0
U0787,1,1,0.9,0.8181818181818182,True,7,6,True,0.30000000000000004,0.30000000000000004
U0790,0,0,1.0,1.0,False,4,3,True,0.6,0.6
U0791,0,0,1.0,1.0,False,6,6,True,0.4,0.4
U0793,0,0,1.0,1.0,False,4,4,True,0.6,0.6
U0797,3,3,0.7,0.5384615384615384,True,15,13,True,0.0,0.0
U0802,1,1,0.9,0.8181818181818182,True,12,7,True,0.0,0.0
U0805,0,0,1.0,1.0,False,8,8,True,0.19999999999999996,0.19999999999999996
U0837,1,1,0.9,0.8181818181818182,True,11,5,True,0.0,0.0
U0842,0,0,1.0,1.0,False,3,2,True,0.7,0.7
U0843,0,0,1.0,1.0,False,9,4,True,0.09999999999999998,0.09999999999999998
U0848,2,2,0.8,0.6666666666666666,True,11,8,True,0.0,0.0
U0849,1,1,0.9,0.8181818181818182,True,11,5,True,0.0,0.0
U0861,0,0,1.0,1.0,False,4,5,True,0.6,0.6
U0877,0,0,1.0,1.0,False,6,5,True,0.4,0.4
U0879,2,2,0.8,0.6666666666666666,True,13,11,True,0.0,0.0
U0893,0,0,1.0,1.0,False,7,4,True,0.30000000000000004,0.30000000000000004
U0898,0,0,1.0,1.0,False,6,6,True,0.4,0.4
U0905,0,0,1.0,1.0,False,7,4,True,0.30000000000000004,0.30000000000000004
U0935,0,0,1.0,1.0,False,4,3,True,0.6,0.6
U0949,2,2,0.8,0.6666666666666666,True,14,8,True,0.0,0.0
U0950,0,0,1.0,1.0,False,8,6,True,0.19999999999999996,0.19999999999999996
U0965,0,0,1.0,1.0,False,7,5,True,0.30000000000000004,0.30000000000000004
U0973,1,1,0.9,0.8181818181818182,True,10,7,True,0.0,0.0
U0981,1,1,0.9,0.8181818181818182,True,12,10,True,0.0,0.0
U0990,1,1,0.9,0.8181818181818182,True,9,7,True,0.09999999999999998,0.09999999999999998
U0999,3,3,0.7,0.5384615384615384,True,15,11,True,0.0,0.0
U1003,0,0,1.0,1.0,False,10,6,True,0.0,0.0
U1027,2,2,0.8,0.6666666666666666,True,11,6,True,0.0,0.0
U1033,3,3,0.7,0.5384615384615384,True,13,9,True,0.0,0.0
U1038,1,1,0.9,0.8181818181818182,True,10,9,True,0.0,0.0
U1041,0,0,1.0,1.0,False,7,2,True,0.30000000000000004,0.30000000000000004
U1048,2,2,0.8,0.6666666666666666,True,12,7,True,0.0,0.0
U1049,0,0,1.0,1.0,False,8,4,True,0.19999999999999996,0.19999999999999996
U1053,0,0,1.0,1.0,False,3,2,True,0.7,0.7
U1055,1,1,0.9,0.8181818181818182,True,10,8,True,0.0,0.0
U1063,4,4,0.6,0.42857142857142855,True,16,12,True,0.0,0.0
U1070,0,0,1.0,1.0,False,5,4,True,0.5,0.5
U1071,0,0,1.0,1.0,False,3,3,True,0.7,0.7
U1072,1,1,0.9,0.8181818181818182,True,8,7,True,0.19999999999999996,0.19999999999999996
U1079,1,1,0.9,0.8181818181818182,True,11,6,True,0.0,0.0
U1099,3,3,0.7,0.5384615384615384,True,16,10,True,0.0,0.0
U1107,0,0,1.0,1.0,False,9,7,True,0.09999999999999998,0.09999999999999998
U1118,0,0,1.0,1.0,False,4,2,True,0.6,0.6
U1121,0,0,1.0,1.0,False,7,4,True,0.30000000000000004,0.30000000000000004
U1123,0,0,1.0,1.0,False,8,5,True,0.19999999999999996,0.19999999999999996
U1124,1,1,0.9,0.8181818181818182,True,10,6,True,0.0,0.0
U1134,0,0,1.0,1.0,False,8,6,True,0.19999999999999996,0.19999999999999996
U1139,2,2,0.8,0.6666666666666666,True,11,8,True,0.0,0.0
U1146,0,0,1.0,1.0,False,8,4,True,0.19999999999999996,0.19999999999999996
U1157,3,3,0.7,0.5384615384615384,True,14,10,True,0.0,0.0
U1160,0,0,1.0,1.0,False,7,5,True,0.30000000000000004,0.30000000000000004
U1163,0,0,1.0,1.0,False,5,6,True,0.5,0.5
U1172,0,0,1.0,1.0,False,7,3,True,0.30000000000000004,0.30000000000000004
U1179,0,0,1.0,1.0,False,7,3,True,0.30000000000000004,0.30000000000000004
U1182,1,1,0.9,0.8181818181818182,True,11,8,True,0.0,0.0
U1185,0,0,1.0,1.0,False,4,2,True,0.6,0.6
U1186,0,0,1.0,1.0,False,3,2,True,0.7,0.7
U1189,0,0,1.0,1.0,False,7,4,True,0.30000000000000004,0.30000000000000004
U1201,0,0,1.0,1.0,False,8,5,True,0.19999999999999996,0.19999999999999996
U1214,1,1,0.9,0.8181818181818182,True,9,6,True,0.09999999999999998,0.09999999999999998
U1245,3,3,0.7,0.5384615384615384,True,15,8,True,0.0,0.0
U1252,1,1,0.9,0.8181818181818182,True,14,12,True,0.0,0.0
U1269,0,0,1.0,1.0,False,8,7,True,0.19999999999999996,0.19999999999999996
U1273,0,0,1.0,1.0,False,8,7,True,0.19999999999999996,0.19999999999999996
U1287,0,0,1.0,1.0,False,8,6,True,0.19999999999999996,0.19999999999999996
U1298,0,0,1.0,1.0,False,9,5,True,0.09999999999999998,0.09999999999999998
U1300,0,0,1.0,1.0,False,9,6,True,0.09999999999999998,0.09999999999999998
U1302,1,1,0.9,0.8181818181818182,True,11,8,True,0.0,0.0
U1319,0,0,1.0,1.0,False,8,3,True,0.19999999999999996,0.19999999999999996
U1334,0,0,1.0,1.0,False,6,3,True,0.4,0.4
U1337,0,0,1.0,1.0,False,6,3,True,0.4,0.4
U1339,0,0,1.0,1.0,False,6,5,True,0.4,0.4
U1342,0,0,1.0,1.0,False,8,2,True,0.19999999999999996,0.19999999999999996
U1356,1,1,0.9,0.8181818181818182,True,15,10,True,0.0,0.0
U1357,1,1,0.9,0.8181818181818182,True,10,9,True,0.0,0.0
U1360,3,3,0.7,0.5384615384615384,True,14,8,True,0.0,0.0
U1367,0,0,1.0,1.0,False,4,4,True,0.6,0.6
U1370,3,3,0.7,0.5384615384615384,True,13,9,True,0.0,0.0
U1373,2,2,0.8,0.6666666666666666,True,14,9,True,0.0,0.0
U1392,0,0,1.0,1.0,False,2,1,True,0.8,0.8
U1394,2,2,0.8,0.6666666666666666,True,15,10,True,0.0,0.0
U1398,0,0,1.0,1.0,False,10,7,True,0.0,0.0
U1403,0,0,1.0,1.0,False,6,3,True,0.4,0.4
U1406,0,0,1.0,1.0,False,8,5,True,0.19999999999999996,0.19999999999999996
U1409,1,1,0.9,0.8181818181818182,True,11,7,True,0.0,0.0
U1424,2,2,0.8,0.6666666666666666,True,11,9,True,0.0,0.0
U1431,0,0,1.0,1.0,False,7,5,True,0.30000000000000004,0.30000000000000004
U1433,0,0,1.0,1.0,False,8,4,True,0.19999999999999996,0.19999999999999996
U1436,0,0,1.0,1.0,False,3,3,True,0.7,0.7
U1440,0,0,1.0,1.0,False,7,6,True,0.30000000000000004,0.30000000000000004
U1441,0,0,1.0,1.0,False,9,5,True,0.09999999999999998,0.09999999999999998
U1443,0,0,1.0,1.0,False,7,5,True,0.30000000000000004,0.30000000000000004
U1451,0,0,1.0,1.0,False,2,2,True,0.8,0.8
U1461,1,1,0.9,0.8181818181818182,True,10,6,True,0.0,0.0
U1470,0,0,1.0,1.0,False,6,6,True,0.4,0.4
U1479,2,2,0.8,0.6666666666666666,True,14,7,True,0.0,0.0
U1491,0,0,1.0,1.0,False,9,6,True,0.09999999999999998,0.09999999999999998
U1494,0,0,1.0,1.0,False,4,1,True,0.6,0.6
U1496,0,0,1.0,1.0,False,6,5,True,0.4,0.4
U1500,0,0,1.0,1.0,False,6,3,True,0.4,0.4
U1506,2,2,0.8,0.6666666666666666,True,10,6,True,0.0,0.0
U1515,0,0,1.0,1.0,False,10,6,True,0.0,0.0
U1519,2,2,0.8,0.6666666666666666,True,19,11,True,0.0,0.0
U1522,1,1,0.9,0.8181818181818182,True,10,8,True,0.0,0.0
U1529,0,0,1.0,1.0,False,7,5,True,0.30000000000000004,0.30000000000000004
U1534,3,3,0.7,0.5384615384615384,True,15,12,True,0.0,0.0
U1562,0,0,1.0,1.0,False,8,5,True,0.19999999999999996,0.19999999999999996
U1563,1,1,0.9,0.8181818181818182,True,11,8,True,0.0,0.0
U1566,0,0,1.0,1.0,False,8,6,True,0.19999999999999996,0.19999999999999996
U1568,0,0,1.0,1.0,False,3,3,True,0.7,0.7
U1570,0,0,1.0,1.0,False,6,5,True,0.4,0.4
U1571,0,0,1.0,1.0,False,7,4,True,0.30000000000000004,0.30000000000000004
U1573,0,0,1.0,1.0,False,10,9,True,0.0,0.0
U1574,0,0,1.0,1.0,False,6,4,True,0.4,0.4
U1599,0,0,1.0,1.0,False,8,6,True,0.19999999999999996,0.19999999999999996
U1600,1,1,0.9,0.8181818181818182,True,9,5,True,0.09999999999999998,0.09999999999999998
U1603,0,0,1.0,1.0,False,9,5,True,0.09999999999999998,0.09999999999999998
U1609,0,0,1.0,1.0,False,5,5,True,0.5,0.5
U1610,2,2,0.8,0.6666666666666666,True,14,7,True,0.0,0.0
U1612,0,0,1.0,1.0,False,4,1,True,0.6,0.6
U1613,0,0,1.0,1.0,False,3,3,True,0.7,0.7
U1614,0,0,1.0,1.0,False,6,5,True,0.4,0.4
U1617,0,0,1.0,1.0,False,4,3,True,0.6,0.6
U1629,2,2,0.8,0.6666666666666666,True,12,7,True,0.0,0.0
U1637,0,0,1.0,1.0,False,6,4,True,0.4,0.4
U1638,0,0,1.0,1.0,False,6,3,True,0.4,0.4
U1644,0,0,1.0,1.0,False,8,5,True,0.19999999999999996,0.19999999999999996
U1647,0,0,1.0,1.0,False,7,6,True,0.30000000000000004,0.30000000000000004
U1654,0,0,1.0,1.0,False,6,4,True,0.4,0.4
U1658,0,0,1.0,1.0,False,8,7,True,0.19999999999999996,0.19999999999999996
U1661,0,0,1.0,1.0,False,8,3,True,0.19999999999999996,0.19999999999999996
U1681,1,1,0.9,0.8181818181818182,True,10,6,True,0.0,0.0
U1684,0,0,1.0,1.0,False,9,7,True,0.09999999999999998,0.09999999999999998
U1686,0,0,1.0,1.0,False,9,4,True,0.09999999999999998,0.09999999999999998
U1687,0,0,1.0,1.0,False,12,8,True,0.0,0.0
U1688,0,0,1.0,1.0,False,10,4,True,0.0,0.0
U1689,1,1,0.9,0.8181818181818182,True,10,6,True,0.0,0.0
U1700,0,0,1.0,1.0,False,6,4,True,0.4,0.4
U1712,1,1,0.9,0.8181818181818182,True,12,7,True,0.0,0.0
U1713,2,2,0.8,0.6666666666666666,True,11,7,True,0.0,0.0
U1718,2,2,0.8,0.6666666666666666,True,12,6,True,0.0,0.0
U1719,0,0,1.0,1.0,False,5,4,True,0.5,0.5
U1731,0,0,1.0,1.0,False,6,5,True,0.4,0.4
U1732,0,0,1.0,1.0,False,9,6,True,0.09999999999999998,0.09999999999999998
U1734,2,2,0.8,0.6666666666666666,True,12,6,True,0.0,0.0
U1743,0,0,1.0,1.0,False,9,5,True,0.09999999999999998,0.09999999999999998
U1760,0,0,1.0,1.0,False,9,9,True,0.09999999999999998,0.09999999999999998
U1778,0,0,1.0,1.0,False,9,5,True,0.09999999999999998,0.09999999999999998
U1785,0,0,1.0,1.0,False,3,4,True,0.7,0.7
U1796,2,2,0.8,0.6666666666666666,True,15,9,True,0.0,0.0
U1801,2,2,0.8,0.6666666666666666,True,12,10,True,0.0,0.0
U1811,0,0,1.0,1.0,False,8,6,True,0.19999999999999996,0.19999999999999996
U1821,0,0,1.0,1.0,False,7,6,True,0.30000000000000004,0.30000000000000004
U1822,1,1,0.9,0.8181818181818182,True,9,8,True,0.09999999999999998,0.09999999999999998
U1832,0,0,1.0,1.0,False,6,4,True,0.4,0.4
U1839,1,1,0.9,0.8181818181818182,True,13,10,True,0.0,0.0
U1865,2,2,0.8,0.6666666666666666,True,12,8,True,0.0,0.0
U1877,2,2,0.8,0.6666666666666666,True,12,7,True,0.0,0.0
U1883,0,0,1.0,1.0,False,5,2,True,0.5,0.5
U1884,0,0,1.0,1.0,False,6,4,True,0.4,0.4
U1886,3,3,0.7,0.5384615384615384,True,15,9,True,0.0,0.0
U1888,0,0,1.0,1.0,False,9,8,True,0.09999999999999998,0.09999999999999998
U1891,3,3,0.7,0.5384615384615384,True,13,7,True,0.0,0.0
U1893,0,0,1.0,1.0,False,6,3,True,0.4,0.4
U1900,0,0,1.0,1.0,False,8,5,True,0.19999999999999996,0.19999999999999996
U1913,0,0,1.0,1.0,False,11,7,True,0.0,0.0
U1926,0,0,1.0,1.0,False,0,0,False,1.0,1.0
U1932,0,0,1.0,1.0,False,10,7,True,0.0,0.0
U1936,1,1,0.9,0.8181818181818182,True,9,8,True,0.09999999999999998,0.09999999999999998
U1942,0,0,1.0,1.0,False,7,7,True,0.30000000000000004,0.30000000000000004
U1944,0,0,1.0,1.0,False,10,4,True,0.0,0.0
U1965,1,1,0.9,0.8181818181818182,True,11,5,True,0.0,0.0
U1974,0,0,1.0,1.0,False,5,2,True,0.5,0.5
U1985,0,0,1.0,1.0,False,9,7,True,0.09999999999999998,0.09999999999999998
U2000,0,0,1.0,1.0,False,7,4,True,0.30000000000000004,0.30000000000000004
U2003,0,0,1.0,1.0,False,4,2,True,0.6,0.6
U2006,0,0,1.0,1.0,False,6,5,True,0.4,0.4
U2022,0,0,1.0,1.0,False,9,5,True,0.09999999999999998,0.09999999999999998
U2026,1,1,0.9,0.8181818181818182,True,9,6,True,0.09999999999999998,0.09999999999999998
U2033,1,1,0.9,0.8181818181818182,True,11,5,True,0.0,0.0
U2034,0,0,1.0,1.0,False,8,6,True,0.19999999999999996,0.19999999999999996
U2064,0,0,1.0,1.0,False,6,3,True,0.4,0.4
U2065,0,0,1.0,1.0,False,10,5,True,0.0,0.0
U2068,0,0,1.0,1.0,False,4,2,True,0.6,0.6
U2073,0,0,1.0,1.0,False,8,6,True,0.19999999999999996,0.19999999999999996
U2092,2,2,0.8,0.6666666666666666,True,10,9,True,0.0,0.0
U2124,0,0,1.0,1.0,False,4,3,True,0.6,0.6
U2126,0,0,1.0,1.0,False,4,2,True,0.6,0.6
U2135,3,3,0.7,0.5384615384615384,True,14,8,True,0.0,0.0
U2142,0,0,1.0,1.0,False,8,5,True,0.19999999999999996,0.19999999999999996
U2146,0,0,1.0,1.0,False,5,3,True,0.5,0.5
U2148,0,0,1.0,1.0,False,2,1,True,0.8,0.8
U2153,0,0,1.0,1.0,False,8,5,True,0.19999999999999996,0.19999999999999996
U2154,0,0,1.0,1.0,False,5,6,True,0.5,0.5
U2158,0,0,1.0,1.0,False,8,6,True,0.19999999999999996,0.19999999999999996
U2160,1,1,0.9,0.8181818181818182,True,10,11,True,0.0,0.0
U2162,0,0,1.0,1.0,False,5,5,True,0.5,0.5
U2168,1,1,0.9,0.8181818181818182,True,9,5,True,0.09999999999999998,0.09999999999999998
U2171,0,0,1.0,1.0,False,9,8,True,0.09999999999999998,0.09999999999999998
U2196,2,2,0.8,0.6666666666666666,True,12,8,True,0.0,0.0
U2202,1,1,0.9,0.8181818181818182,True,10,4,True,0.0,0.0
U2203,0,0,1.0,1.0,False,8,4,True,0.19999999999999996,0.19999999999999996
U2215,0,0,1.0,1.0,False,3,3,True,0.7,0.7
U2219,0,0,1.0,1.0,False,4,3,True,0.6,0.6
U2220,1,1,0.9,0.8181818181818182,True,9,5,True,0.09999999999999998,0.09999999999999998
U2221,2,2,0.8,0.6666666666666666,True,15,12,True,0.0,0.0
U2232,0,0,1.0,1.0,False,7,4,True,0.30000000000000004,0.30000000000000004
U2237,0,0,1.0,1.0,False,7,3,True,0.30000000000000004,0.30000000000000004
U2239,0,0,1.0,1.0,False,6,5,True,0.4,0.4
U2245,0,0,1.0,1.0,False,7,4,True,0.30000000000000004,0.30000000000000004
U2248,0,0,1.0,1.0,False,6,3,True,0.4,0.4
U2260,0,0,1.0,1.0,False,5,4,True,0.5,0.5
U2265,0,0,1.0,1.0,False,7,4,True,0.30000000000000004,0.30000000000000004
U2267,3,3,0.7,0.5384615384615384,True,13,11,True,0.0,0.0
U2289,0,0,1.0,1.0,False,7,4,True,0.30000000000000004,0.30000000000000004
U2306,0,0,1.0,1.0,False,2,2,True,0.8,0.8
U2311,1,1,0.9,0.8181818181818182,True,12,8,True,0.0,0.0
U2313,0,0,1.0,1.0,False,3,2,True,0.7,0.7
U2319,0,0,1.0,1.0,False,6,4,True,0.4,0.4
U2320,4,4,0.6,0.42857142857142855,True,15,11,True,0.0,0.0
U2323,0,0,1.0,1.0,False,5,5,True,0.5,0.5
U2328,0,0,1.0,1.0,False,8,6,True,0.19999999999999996,0.19999999999999996
U2331,3,3,0.7,0.5384615384615384,True,13,8,True,0.0,0.0
U2346,0,0,1.0,1.0,False,8,5,True,0.19999999999999996,0.19999999999999996
U2348,2,2,0.8,0.6666666666666666,True,11,10,True,0.0,0.0
U2365,0,0,1.0,1.0,False,6,7,True,0.4,0.4
U2372,0,0,1.0,1.0,False,8,8,True,0.19999999999999996,0.19999999999999996
U2376,2,2,0.8,0.6666666666666666,True,11,9,True,0.0,0.0
U2389,1,1,0.9,0.8181818181818182,True,10,7,True,0.0,0.0
U2404,0,0,1.0,1.0,False,7,5,True,0.30000000000000004,0.30000000000000004
U2413,0,0,1.0,1.0,False,6,4,True,0.4,0.4
U2415,1,1,0.9,0.8181818181818182,True,10,8,True,0.0,0.0
U2416,1,1,0.9,0.8181818181818182,True,12,8,True,0.0,0.0
U2418,0,0,1.0,1.0,False,9,8,True,0.09999999999999998,0.09999999999999998
U2419,0,0,1.0,1.0,False,4,1,True,0.6,0.6
U2421,0,0,1.0,1.0,False,7,4,True,0.30000000000000004,0.30000000000000004
U2424,0,0,1.0,1.0,False,10,8,True,0.0,0.0
U2427,1,0,1.0,0.9,True,12,6,True,0.0,0.0
U2436,0,0,1.0,1.0,False,6,3,True,0.4,0.4
U2445,1,1,0.9,0.8181818181818182,True,11,6,True,0.0,0.0
U2449,0,0,1.0,1.0,False,9,5,True,0.09999999999999998,0.09999999999999998
U2453,0,0,1.0,1.0,False,5,3,True,0.5,0.5
U2454,2,2,0.8,0.6666666666666666,True,13,12,True,0.0,0.0
U2461,0,0,1.0,1.0,False,4,2,True,0.6,0.6
U2462,0,0,1.0,1.0,False,8,7,True,0.19999999999999996,0.19999999999999996
U2481,0,0,1.0,1.0,False,5,3,True,0.5,0.5
U2486,0,0,1.0,1.0,False,9,6,True,0.09999999999999998,0.09999999999999998
U2493,0,0,1.0,1.0,False,9,5,True,0.09999999999999998,0.09999999999999998
U2496,0,0,1.0,1.0,False,9,6,True,0.09999999999999998,0.09999999999999998
U2498,0,0,1.0,1.0,False,9,5,True,0.09999999999999998,0.09999999999999998
U2499,0,0,1.0,1.0,False,5,3,True,0.5,0.5
U2503,0,0,1.0,1.0,False,9,6,True,0.09999999999999998,0.09999999999999998
U2511,1,1,0.9,0.8181818181818182,True,13,9,True,0.0,0.0
U2512,0,0,1.0,1.0,False,5,3,True,0.5,0.5
U2514,0,0,1.0,1.0,False,9,5,True,0.09999999999999998,0.09999999999999998
U2517,3,3,0.7,0.5384615384615384,True,13,10,True,0.0,0.0
U2521,2,2,0.8,0.6666666666666666,True,14,8,True,0.0,0.0
U2524,2,2,0.8,0.6666666666666666,True,10,6,True,0.0,0.0
U2536,0,0,1.0,1.0,False,8,4,True,0.19999999999999996,0.19999999999999996
U2547,1,1,0.9,0.8181818181818182,True,15,11,True,0.0,0.0
U2552,0,0,1.0,1.0,False,4,3,True,0.6,0.6
U2553,3,3,0.7,0.5384615384615384,True,14,11,True,0.0,0.0
U2556,0,0,1.0,1.0,False,6,4,True,0.4,0.4
U2574,0,0,1.0,1.0,False,3,2,True,0.7,0.7
U2584,0,0,1.0,1.0,False,9,5,True,0.09999999999999998,0.09999999999999998
U2588,0,0,1.0,1.0,False,5,4,True,0.5,0.5
U2590,1,1,0.9,0.8181818181818182,True,10,9,True,0.0,0.0
U2595,0,0,1.0,1.0,False,5,3,True,0.5,0.5
U2597,0,0,1.0,1.0,False,8,7,True,0.19999999999999996,0.19999999999999996
U2598,0,0,1.0,1.0,False,10,5,True,0.0,0.0
U2607,0,0,1.0,1.0,False,7,5,True,0.30000000000000004,0.30000000000000004
U2608,0,0,1.0,1.0,False,5,3,True,0.5,0.5
U2625,0,0,1.0,1.0,False,6,4,True,0.4,0.4
U2638,1,1,0.9,0.8181818181818182,True,11,4,True,0.0,0.0
U2639,0,0,1.0,1.0,False,9,6,True,0.09999999999999998,0.09999999999999998
U2644,0,0,1.0,1.0,False,4,3,True,0.6,0.6
U2648,0,0,1.0,1.0,False,6,3,True,0.4,0.4
U2651,0,0,1.0,1.0,False,8,6,True,0.19999999999999996,0.19999999999999996
U2653,0,0,1.0,1.0,False,4,2,True,0.6,0.6
U2656,0,0,1.0,1.0,False,3,3,True,0.7,0.7
U2664,0,0,1.0,1.0,False,9,5,True,0.09999999999999998,0.09999999999999998
U2681,0,0,1.0,1.0,False,7,5,True,0.30000000000000004,0.30000000000000004
U2693,0,0,1.0,1.0,False,9,7,True,0.09999999999999998,0.09999999999999998
U2701,1,1,0.9,0.8181818181818182,True,10,6,True,0.0,0.0
U2716,0,0,1.0,1.0,False,6,2,True,0.4,0.4
U2730,1,1,0.9,0.8181818181818182,True,11,7,True,0.0,0.0
U2731,0,0,1.0,1.0,False,4,2,True,0.6,0.6
U2743,1,1,0.9,0.8181818181818182,True,12,7,True,0.0,0.0
U2745,2,2,0.8,0.6666666666666666,True,14,10,True,0.0,0.0
U2746,0,0,1.0,1.0,False,8,6,True,0.19999999999999996,0.19999999999999996
U2748,1,1,0.9,0.8181818181818182,True,11,5,True,0.0,0.0
U2751,0,0,1.0,1.0,False,6,6,True,0.4,0.4
U2761,2,2,0.8,0.6666666666666666,True,12,7,True,0.0,0.0
U2778,0,0,1.0,1.0,False,8,5,True,0.19999999999999996,0.19999999999999996
U2780,1,1,0.8888888888888888,0.8,True,12,6,True,0.0,0.0
U2796,0,0,1.0,1.0,False,6,6,True,0.4,0.4
U2798,0,0,1.0,1.0,False,4,3,True,0.6,0.6
U2801,3,3,0.7,0.5384615384615384,True,12,9,True,0.0,0.0
U2803,0,0,1.0,1.0,False,8,5,True,0.19999999999999996,0.19999999999999996
U2806,0,0,1.0,1.0,False,4,5,True,0.6,0.6
U2808,3,3,0.7,0.5384615384615384,True,15,10,True,0.0,0.0
U2812,0,0,1.0,1.0,False,7,4,True,0.30000000000000004,0.30000000000000004
U2818,0,0,1.0,1.0,False,10,7,True,0.0,0.0
U2830,2,2,0.8,0.6666666666666666,True,13,8,True,0.0,0.0
U2836,1,1,0.9,0.8181818181818182,True,10,7,True,0.0,0.0
U2837,0,0,1.0,1.0,False,8,5,True,0.19999999999999996,0.19999999999999996
U2847,2,2,0.8,0.6666666666666666,True,14,8,True,0.0,0.0
U2851,0,0,1.0,1.0,False,7,4,True,0.30000000000000004,0.30000000000000004
U2854,1,1,0.9,0.8181818181818182,True,9,6,True,0.09999999999999998,0.09999999999999998
U2857,0,0,1.0,1.0,False,2,1,True,0.8,0.8
U2861,0,0,1.0,1.0,False,7,4,True,0.30000000000000004,0.30000000000000004
U2864,1,1,0.9,0.8181818181818182,True,11,6,True,0.0,0.0
U2865,2,2,0.8,0.6666666666666666,True,15,10,True,0.0,0.0
U2873,1,1,0.9,0.8181818181818182,True,11,7,True,0.0,0.0
U2874,0,0,1.0,1.0,False,7,5,True,0.30000000000000004,0.30000000000000004
U2877,1,1,0.9,0.8181818181818182,True,8,6,True,0.19999999999999996,0.19999999999999996
U2879,0,0,1.0,1.0,False,7,6,True,0.30000000000000004,0.30000000000000004
U2882,1,1,0.9,0.8181818181818182,True,11,8,True,0.0,0.0
U2885,1,1,0.9,0.8181818181818182,True,12,9,True,0.0,0.0
U2888,2,2,0.8,0.6666666666666666,True,12,10,True,0.0,0.0
U2896,1,1,0.9,0.8181818181818182,True,10,6,True,0.0,0.0
U2905,3,3,0.7,0.5384615384615384,True,13,9,True,0.0,0.0
U2906,1,1,0.9,0.8181818181818182,True,9,7,True,0.09999999999999998,0.09999999999999998
U2920,1,1,0.9,0.8181818181818182,True,9,6,True,0.09999999999999998,0.09999999999999998
U2928,0,0,1.0,1.0,False,4,3,True,0.6,0.6
U2935,0,0,1.0,1.0,False,8,6,True,0.19999999999999996,0.19999999999999996
U2937,0,0,1.0,1.0,False,8,7,True,0.19999999999999996,0.19999999999999996
U2943,1,1,0.9,0.8181818181818182,True,11,9,True,0.0,0.0
U2965,3,3,0.7,0.5384615384615384,True,15,10,True,0.0,0.0
U2972,2,2,0.8,0.6666666666666666,True,10,9,True,0.0,0.0
U2976,1,1,0.9,0.8181818181818182,True,8,6,True,0.19999999999999996,0.19999999999999996
U2977,3,3,0.7,0.5384615384615384,True,13,10,True,0.0,0.0
U2980,0,0,1.0,1.0,False,9,5,True,0.09999999999999998,0.09999999999999998
U2988,1,1,0.9,0.8181818181818182,True,13,8,True,0.0,0.0
U2989,0,0,1.0,1.0,False,9,4,True,0.09999999999999998,0.09999999999999998
U2990,0,0,1.0,1.0,False,7,5,True,0.30000000000000004,0.30000000000000004
U2998,1,0,1.0,0.9,True,11,6,True,0.0,0.0
